{"cameraMode":{"drawMode":0,"name":"Shaded","section":"Shading Mode"},"sceneLighting":false,"audioPlay":false,"sceneViewState":{"m_AlwaysRefresh":true,"showFog":true,"showSkybox":true,"showFlares":true,"showImageEffects":true,"showParticleSystems":true,"showVisualEffectGraphs":true,"m_FxEnabled":true},"in2DMode":false,"pivot":{"x":0.44318854808807375,"y":13.80111026763916,"z":-6.654864311218262},"rotation":{"x":0.11305422335863114,"y":0.5904607176780701,"z":-0.08399847894906998,"w":0.7947161197662354},"size":1.2247449159622193,"orthographic":false}